scenario_id,protocol_id,split,synthetic_control,generation_seed,latent_contribution_in_ground_truth
syn_nul_0000,prt_syn_nul_0000,test,null,20260713,false
syn_nul_0001,prt_syn_nul_0001,test,null,20260713,false
syn_nul_0002,prt_syn_nul_0002,development,null,20260713,false
syn_nul_0003,prt_syn_nul_0003,development,null,20260713,false
syn_nul_0004,prt_syn_nul_0004,test,null,20260713,false
syn_nul_0005,prt_syn_nul_0005,development,null,20260713,false
syn_nul_0006,prt_syn_nul_0006,test,null,20260713,false
syn_nul_0007,prt_syn_nul_0007,development,null,20260713,false
syn_nul_0008,prt_syn_nul_0008,development,null,20260713,false
syn_nul_0009,prt_syn_nul_0009,development,null,20260713,false
syn_nul_0010,prt_syn_nul_0010,development,null,20260713,false
syn_nul_0011,prt_syn_nul_0011,development,null,20260713,false
syn_nul_0012,prt_syn_nul_0012,calibration,null,20260713,false
syn_nul_0013,prt_syn_nul_0013,development,null,20260713,false
syn_nul_0014,prt_syn_nul_0014,development,null,20260713,false
syn_nul_0015,prt_syn_nul_0015,test,null,20260713,false
syn_nul_0016,prt_syn_nul_0016,development,null,20260713,false
syn_nul_0017,prt_syn_nul_0017,test,null,20260713,false
syn_nul_0018,prt_syn_nul_0018,development,null,20260713,false
syn_nul_0019,prt_syn_nul_0019,development,null,20260713,false
syn_nul_0020,prt_syn_nul_0020,development,null,20260713,false
syn_nul_0021,prt_syn_nul_0021,development,null,20260713,false
syn_nul_0022,prt_syn_nul_0022,development,null,20260713,false
syn_nul_0023,prt_syn_nul_0023,calibration,null,20260713,false
syn_nul_0024,prt_syn_nul_0024,test,null,20260713,false
syn_nul_0025,prt_syn_nul_0025,test,null,20260713,false
syn_nul_0026,prt_syn_nul_0026,calibration,null,20260713,false
syn_nul_0027,prt_syn_nul_0027,test,null,20260713,false
syn_nul_0028,prt_syn_nul_0028,calibration,null,20260713,false
syn_nul_0029,prt_syn_nul_0029,development,null,20260713,false
syn_nul_0030,prt_syn_nul_0030,test,null,20260713,false
syn_nul_0031,prt_syn_nul_0031,development,null,20260713,false
syn_nul_0032,prt_syn_nul_0032,development,null,20260713,false
syn_nul_0033,prt_syn_nul_0033,calibration,null,20260713,false
syn_nul_0034,prt_syn_nul_0034,development,null,20260713,false
syn_nul_0035,prt_syn_nul_0035,development,null,20260713,false
syn_nul_0036,prt_syn_nul_0036,development,null,20260713,false
syn_nul_0037,prt_syn_nul_0037,test,null,20260713,false
syn_nul_0038,prt_syn_nul_0038,development,null,20260713,false
syn_nul_0039,prt_syn_nul_0039,development,null,20260713,false
syn_nul_0040,prt_syn_nul_0040,calibration,null,20260713,false
syn_nul_0041,prt_syn_nul_0041,development,null,20260713,false
syn_nul_0042,prt_syn_nul_0042,calibration,null,20260713,false
syn_nul_0043,prt_syn_nul_0043,test,null,20260713,false
syn_nul_0044,prt_syn_nul_0044,calibration,null,20260713,false
syn_nul_0045,prt_syn_nul_0045,development,null,20260713,false
syn_nul_0046,prt_syn_nul_0046,development,null,20260713,false
syn_nul_0047,prt_syn_nul_0047,development,null,20260713,false
syn_nul_0048,prt_syn_nul_0048,calibration,null,20260713,false
syn_nul_0049,prt_syn_nul_0049,test,null,20260713,false
syn_nul_0050,prt_syn_nul_0050,development,null,20260713,false
syn_nul_0051,prt_syn_nul_0051,development,null,20260713,false
syn_nul_0052,prt_syn_nul_0052,test,null,20260713,false
syn_nul_0053,prt_syn_nul_0053,development,null,20260713,false
syn_nul_0054,prt_syn_nul_0054,calibration,null,20260713,false
syn_nul_0055,prt_syn_nul_0055,development,null,20260713,false
syn_nul_0056,prt_syn_nul_0056,development,null,20260713,false
syn_nul_0057,prt_syn_nul_0057,development,null,20260713,false
syn_nul_0058,prt_syn_nul_0058,development,null,20260713,false
syn_nul_0059,prt_syn_nul_0059,development,null,20260713,false
syn_nul_0060,prt_syn_nul_0060,calibration,null,20260713,false
syn_nul_0061,prt_syn_nul_0061,calibration,null,20260713,false
syn_nul_0062,prt_syn_nul_0062,development,null,20260713,false
syn_nul_0063,prt_syn_nul_0063,calibration,null,20260713,false
syn_nul_0064,prt_syn_nul_0064,test,null,20260713,false
syn_nul_0065,prt_syn_nul_0065,development,null,20260713,false
syn_nul_0066,prt_syn_nul_0066,development,null,20260713,false
syn_nul_0067,prt_syn_nul_0067,development,null,20260713,false
syn_nul_0068,prt_syn_nul_0068,calibration,null,20260713,false
syn_nul_0069,prt_syn_nul_0069,development,null,20260713,false
syn_nul_0070,prt_syn_nul_0070,test,null,20260713,false
syn_nul_0071,prt_syn_nul_0071,development,null,20260713,false
syn_nul_0072,prt_syn_nul_0072,test,null,20260713,false
syn_nul_0073,prt_syn_nul_0073,development,null,20260713,false
syn_nul_0074,prt_syn_nul_0074,calibration,null,20260713,false
syn_nul_0075,prt_syn_nul_0075,development,null,20260713,false
syn_nul_0076,prt_syn_nul_0076,test,null,20260713,false
syn_nul_0077,prt_syn_nul_0077,development,null,20260713,false
syn_nul_0078,prt_syn_nul_0078,development,null,20260713,false
syn_nul_0079,prt_syn_nul_0079,development,null,20260713,false
syn_nul_0080,prt_syn_nul_0080,calibration,null,20260713,false
syn_nul_0081,prt_syn_nul_0081,development,null,20260713,false
syn_nul_0082,prt_syn_nul_0082,development,null,20260713,false
syn_nul_0083,prt_syn_nul_0083,calibration,null,20260713,false
syn_nul_0084,prt_syn_nul_0084,development,null,20260713,false
syn_nul_0085,prt_syn_nul_0085,test,null,20260713,false
syn_nul_0086,prt_syn_nul_0086,development,null,20260713,false
syn_nul_0087,prt_syn_nul_0087,development,null,20260713,false
syn_nul_0088,prt_syn_nul_0088,test,null,20260713,false
syn_nul_0089,prt_syn_nul_0089,test,null,20260713,false
syn_nul_0090,prt_syn_nul_0090,development,null,20260713,false
syn_nul_0091,prt_syn_nul_0091,development,null,20260713,false
syn_nul_0092,prt_syn_nul_0092,development,null,20260713,false
syn_nul_0093,prt_syn_nul_0093,development,null,20260713,false
syn_nul_0094,prt_syn_nul_0094,development,null,20260713,false
syn_nul_0095,prt_syn_nul_0095,development,null,20260713,false
syn_nul_0096,prt_syn_nul_0096,development,null,20260713,false
syn_nul_0097,prt_syn_nul_0097,development,null,20260713,false
syn_nul_0098,prt_syn_nul_0098,test,null,20260713,false
syn_nul_0099,prt_syn_nul_0099,development,null,20260713,false
syn_nul_0100,prt_syn_nul_0100,test,null,20260713,false
syn_nul_0101,prt_syn_nul_0101,development,null,20260713,false
syn_nul_0102,prt_syn_nul_0102,calibration,null,20260713,false
syn_nul_0103,prt_syn_nul_0103,test,null,20260713,false
syn_nul_0104,prt_syn_nul_0104,calibration,null,20260713,false
syn_nul_0105,prt_syn_nul_0105,calibration,null,20260713,false
syn_nul_0106,prt_syn_nul_0106,development,null,20260713,false
syn_nul_0107,prt_syn_nul_0107,development,null,20260713,false
syn_nul_0108,prt_syn_nul_0108,test,null,20260713,false
syn_nul_0109,prt_syn_nul_0109,development,null,20260713,false
syn_nul_0110,prt_syn_nul_0110,calibration,null,20260713,false
syn_nul_0111,prt_syn_nul_0111,calibration,null,20260713,false
syn_nul_0112,prt_syn_nul_0112,development,null,20260713,false
syn_nul_0113,prt_syn_nul_0113,development,null,20260713,false
syn_nul_0114,prt_syn_nul_0114,calibration,null,20260713,false
syn_nul_0115,prt_syn_nul_0115,development,null,20260713,false
syn_nul_0116,prt_syn_nul_0116,test,null,20260713,false
syn_nul_0117,prt_syn_nul_0117,development,null,20260713,false
syn_nul_0118,prt_syn_nul_0118,test,null,20260713,false
syn_nul_0119,prt_syn_nul_0119,test,null,20260713,false
syn_nul_0120,prt_syn_nul_0120,calibration,null,20260713,false
syn_nul_0121,prt_syn_nul_0121,development,null,20260713,false
syn_nul_0122,prt_syn_nul_0122,development,null,20260713,false
syn_nul_0123,prt_syn_nul_0123,development,null,20260713,false
syn_nul_0124,prt_syn_nul_0124,test,null,20260713,false
syn_nul_0125,prt_syn_nul_0125,development,null,20260713,false
syn_nul_0126,prt_syn_nul_0126,calibration,null,20260713,false
syn_nul_0127,prt_syn_nul_0127,development,null,20260713,false
syn_nul_0128,prt_syn_nul_0128,test,null,20260713,false
syn_nul_0129,prt_syn_nul_0129,test,null,20260713,false
syn_nul_0130,prt_syn_nul_0130,development,null,20260713,false
syn_nul_0131,prt_syn_nul_0131,calibration,null,20260713,false
syn_nul_0132,prt_syn_nul_0132,development,null,20260713,false
syn_nul_0133,prt_syn_nul_0133,development,null,20260713,false
syn_nul_0134,prt_syn_nul_0134,calibration,null,20260713,false
syn_nul_0135,prt_syn_nul_0135,calibration,null,20260713,false
syn_nul_0136,prt_syn_nul_0136,development,null,20260713,false
syn_nul_0137,prt_syn_nul_0137,test,null,20260713,false
syn_nul_0138,prt_syn_nul_0138,development,null,20260713,false
syn_nul_0139,prt_syn_nul_0139,test,null,20260713,false
syn_nul_0140,prt_syn_nul_0140,test,null,20260713,false
syn_nul_0141,prt_syn_nul_0141,test,null,20260713,false
syn_nul_0142,prt_syn_nul_0142,development,null,20260713,false
syn_nul_0143,prt_syn_nul_0143,calibration,null,20260713,false
syn_nul_0144,prt_syn_nul_0144,development,null,20260713,false
syn_nul_0145,prt_syn_nul_0145,test,null,20260713,false
syn_nul_0146,prt_syn_nul_0146,calibration,null,20260713,false
syn_nul_0147,prt_syn_nul_0147,calibration,null,20260713,false
syn_nul_0148,prt_syn_nul_0148,calibration,null,20260713,false
syn_nul_0149,prt_syn_nul_0149,test,null,20260713,false
syn_nul_0150,prt_syn_nul_0150,development,null,20260713,false
syn_nul_0151,prt_syn_nul_0151,test,null,20260713,false
syn_nul_0152,prt_syn_nul_0152,calibration,null,20260713,false
syn_nul_0153,prt_syn_nul_0153,development,null,20260713,false
syn_nul_0154,prt_syn_nul_0154,test,null,20260713,false
syn_nul_0155,prt_syn_nul_0155,development,null,20260713,false
syn_nul_0156,prt_syn_nul_0156,test,null,20260713,false
syn_nul_0157,prt_syn_nul_0157,development,null,20260713,false
syn_nul_0158,prt_syn_nul_0158,development,null,20260713,false
syn_nul_0159,prt_syn_nul_0159,test,null,20260713,false
syn_nul_0160,prt_syn_nul_0160,development,null,20260713,false
syn_nul_0161,prt_syn_nul_0161,development,null,20260713,false
syn_nul_0162,prt_syn_nul_0162,calibration,null,20260713,false
syn_nul_0163,prt_syn_nul_0163,development,null,20260713,false
syn_nul_0164,prt_syn_nul_0164,development,null,20260713,false
syn_nul_0165,prt_syn_nul_0165,development,null,20260713,false
syn_nul_0166,prt_syn_nul_0166,development,null,20260713,false
syn_nul_0167,prt_syn_nul_0167,development,null,20260713,false
syn_nul_0168,prt_syn_nul_0168,test,null,20260713,false
syn_nul_0169,prt_syn_nul_0169,development,null,20260713,false
syn_nul_0170,prt_syn_nul_0170,calibration,null,20260713,false
syn_nul_0171,prt_syn_nul_0171,test,null,20260713,false
syn_nul_0172,prt_syn_nul_0172,development,null,20260713,false
syn_nul_0173,prt_syn_nul_0173,calibration,null,20260713,false
syn_nul_0174,prt_syn_nul_0174,test,null,20260713,false
syn_nul_0175,prt_syn_nul_0175,test,null,20260713,false
syn_nul_0176,prt_syn_nul_0176,development,null,20260713,false
syn_nul_0177,prt_syn_nul_0177,development,null,20260713,false
syn_nul_0178,prt_syn_nul_0178,development,null,20260713,false
syn_nul_0179,prt_syn_nul_0179,development,null,20260713,false
syn_nul_0180,prt_syn_nul_0180,development,null,20260713,false
syn_nul_0181,prt_syn_nul_0181,development,null,20260713,false
syn_nul_0182,prt_syn_nul_0182,development,null,20260713,false
syn_nul_0183,prt_syn_nul_0183,test,null,20260713,false
syn_nul_0184,prt_syn_nul_0184,development,null,20260713,false
syn_nul_0185,prt_syn_nul_0185,test,null,20260713,false
syn_nul_0186,prt_syn_nul_0186,test,null,20260713,false
syn_nul_0187,prt_syn_nul_0187,development,null,20260713,false
syn_nul_0188,prt_syn_nul_0188,development,null,20260713,false
syn_nul_0189,prt_syn_nul_0189,test,null,20260713,false
syn_nul_0190,prt_syn_nul_0190,development,null,20260713,false
syn_nul_0191,prt_syn_nul_0191,test,null,20260713,false
syn_nul_0192,prt_syn_nul_0192,development,null,20260713,false
syn_nul_0193,prt_syn_nul_0193,test,null,20260713,false
syn_nul_0194,prt_syn_nul_0194,development,null,20260713,false
syn_nul_0195,prt_syn_nul_0195,development,null,20260713,false
syn_nul_0196,prt_syn_nul_0196,calibration,null,20260713,false
syn_nul_0197,prt_syn_nul_0197,development,null,20260713,false
syn_nul_0198,prt_syn_nul_0198,development,null,20260713,false
syn_nul_0199,prt_syn_nul_0199,development,null,20260713,false
syn_nul_0200,prt_syn_nul_0200,calibration,null,20260713,false
syn_nul_0201,prt_syn_nul_0201,development,null,20260713,false
syn_nul_0202,prt_syn_nul_0202,development,null,20260713,false
syn_nul_0203,prt_syn_nul_0203,development,null,20260713,false
syn_nul_0204,prt_syn_nul_0204,development,null,20260713,false
syn_nul_0205,prt_syn_nul_0205,test,null,20260713,false
syn_nul_0206,prt_syn_nul_0206,calibration,null,20260713,false
syn_nul_0207,prt_syn_nul_0207,development,null,20260713,false
syn_nul_0208,prt_syn_nul_0208,development,null,20260713,false
syn_nul_0209,prt_syn_nul_0209,development,null,20260713,false
syn_nul_0210,prt_syn_nul_0210,development,null,20260713,false
syn_nul_0211,prt_syn_nul_0211,calibration,null,20260713,false
syn_nul_0212,prt_syn_nul_0212,calibration,null,20260713,false
syn_nul_0213,prt_syn_nul_0213,development,null,20260713,false
syn_nul_0214,prt_syn_nul_0214,development,null,20260713,false
syn_nul_0215,prt_syn_nul_0215,calibration,null,20260713,false
syn_nul_0216,prt_syn_nul_0216,development,null,20260713,false
syn_nul_0217,prt_syn_nul_0217,development,null,20260713,false
syn_nul_0218,prt_syn_nul_0218,test,null,20260713,false
syn_nul_0219,prt_syn_nul_0219,development,null,20260713,false
syn_nul_0220,prt_syn_nul_0220,test,null,20260713,false
syn_nul_0221,prt_syn_nul_0221,development,null,20260713,false
syn_nul_0222,prt_syn_nul_0222,test,null,20260713,false
syn_nul_0223,prt_syn_nul_0223,development,null,20260713,false
syn_nul_0224,prt_syn_nul_0224,calibration,null,20260713,false
syn_nul_0225,prt_syn_nul_0225,calibration,null,20260713,false
syn_nul_0226,prt_syn_nul_0226,test,null,20260713,false
syn_nul_0227,prt_syn_nul_0227,development,null,20260713,false
syn_nul_0228,prt_syn_nul_0228,development,null,20260713,false
syn_nul_0229,prt_syn_nul_0229,development,null,20260713,false
syn_nul_0230,prt_syn_nul_0230,development,null,20260713,false
syn_nul_0231,prt_syn_nul_0231,development,null,20260713,false
syn_nul_0232,prt_syn_nul_0232,development,null,20260713,false
syn_nul_0233,prt_syn_nul_0233,test,null,20260713,false
syn_nul_0234,prt_syn_nul_0234,development,null,20260713,false
syn_nul_0235,prt_syn_nul_0235,development,null,20260713,false
syn_nul_0236,prt_syn_nul_0236,development,null,20260713,false
syn_nul_0237,prt_syn_nul_0237,development,null,20260713,false
syn_nul_0238,prt_syn_nul_0238,development,null,20260713,false
syn_nul_0239,prt_syn_nul_0239,test,null,20260713,false
syn_nul_0240,prt_syn_nul_0240,development,null,20260713,false
syn_nul_0241,prt_syn_nul_0241,test,null,20260713,false
syn_nul_0242,prt_syn_nul_0242,development,null,20260713,false
syn_nul_0243,prt_syn_nul_0243,development,null,20260713,false
syn_nul_0244,prt_syn_nul_0244,development,null,20260713,false
syn_nul_0245,prt_syn_nul_0245,development,null,20260713,false
syn_nul_0246,prt_syn_nul_0246,development,null,20260713,false
syn_nul_0247,prt_syn_nul_0247,calibration,null,20260713,false
syn_nul_0248,prt_syn_nul_0248,calibration,null,20260713,false
syn_nul_0249,prt_syn_nul_0249,development,null,20260713,false
syn_nul_0250,prt_syn_nul_0250,test,null,20260713,false
syn_nul_0251,prt_syn_nul_0251,development,null,20260713,false
syn_nul_0252,prt_syn_nul_0252,development,null,20260713,false
syn_nul_0253,prt_syn_nul_0253,calibration,null,20260713,false
syn_nul_0254,prt_syn_nul_0254,development,null,20260713,false
syn_nul_0255,prt_syn_nul_0255,development,null,20260713,false
syn_nul_0256,prt_syn_nul_0256,development,null,20260713,false
syn_nul_0257,prt_syn_nul_0257,test,null,20260713,false
syn_nul_0258,prt_syn_nul_0258,development,null,20260713,false
syn_nul_0259,prt_syn_nul_0259,development,null,20260713,false
syn_nul_0260,prt_syn_nul_0260,calibration,null,20260713,false
syn_nul_0261,prt_syn_nul_0261,development,null,20260713,false
syn_nul_0262,prt_syn_nul_0262,development,null,20260713,false
syn_nul_0263,prt_syn_nul_0263,calibration,null,20260713,false
syn_nul_0264,prt_syn_nul_0264,development,null,20260713,false
syn_nul_0265,prt_syn_nul_0265,development,null,20260713,false
syn_nul_0266,prt_syn_nul_0266,development,null,20260713,false
syn_nul_0267,prt_syn_nul_0267,test,null,20260713,false
syn_nul_0268,prt_syn_nul_0268,test,null,20260713,false
syn_nul_0269,prt_syn_nul_0269,development,null,20260713,false
syn_nul_0270,prt_syn_nul_0270,test,null,20260713,false
syn_nul_0271,prt_syn_nul_0271,development,null,20260713,false
syn_nul_0272,prt_syn_nul_0272,development,null,20260713,false
syn_nul_0273,prt_syn_nul_0273,test,null,20260713,false
syn_nul_0274,prt_syn_nul_0274,development,null,20260713,false
syn_nul_0275,prt_syn_nul_0275,development,null,20260713,false
syn_nul_0276,prt_syn_nul_0276,development,null,20260713,false
syn_nul_0277,prt_syn_nul_0277,development,null,20260713,false
syn_nul_0278,prt_syn_nul_0278,development,null,20260713,false
syn_nul_0279,prt_syn_nul_0279,calibration,null,20260713,false
syn_nul_0280,prt_syn_nul_0280,test,null,20260713,false
syn_nul_0281,prt_syn_nul_0281,development,null,20260713,false
syn_nul_0282,prt_syn_nul_0282,calibration,null,20260713,false
syn_nul_0283,prt_syn_nul_0283,development,null,20260713,false
syn_nul_0284,prt_syn_nul_0284,development,null,20260713,false
syn_nul_0285,prt_syn_nul_0285,calibration,null,20260713,false
syn_nul_0286,prt_syn_nul_0286,test,null,20260713,false
syn_nul_0287,prt_syn_nul_0287,test,null,20260713,false
syn_nul_0288,prt_syn_nul_0288,development,null,20260713,false
syn_nul_0289,prt_syn_nul_0289,development,null,20260713,false
syn_nul_0290,prt_syn_nul_0290,development,null,20260713,false
syn_nul_0291,prt_syn_nul_0291,development,null,20260713,false
syn_nul_0292,prt_syn_nul_0292,development,null,20260713,false
syn_nul_0293,prt_syn_nul_0293,development,null,20260713,false
syn_nul_0294,prt_syn_nul_0294,calibration,null,20260713,false
syn_nul_0295,prt_syn_nul_0295,calibration,null,20260713,false
syn_nul_0296,prt_syn_nul_0296,test,null,20260713,false
syn_nul_0297,prt_syn_nul_0297,development,null,20260713,false
syn_nul_0298,prt_syn_nul_0298,development,null,20260713,false
syn_nul_0299,prt_syn_nul_0299,test,null,20260713,false
syn_nul_0300,prt_syn_nul_0300,calibration,null,20260713,false
syn_nul_0301,prt_syn_nul_0301,development,null,20260713,false
syn_nul_0302,prt_syn_nul_0302,test,null,20260713,false
syn_nul_0303,prt_syn_nul_0303,development,null,20260713,false
syn_nul_0304,prt_syn_nul_0304,development,null,20260713,false
syn_nul_0305,prt_syn_nul_0305,development,null,20260713,false
syn_nul_0306,prt_syn_nul_0306,test,null,20260713,false
syn_nul_0307,prt_syn_nul_0307,development,null,20260713,false
syn_nul_0308,prt_syn_nul_0308,development,null,20260713,false
syn_nul_0309,prt_syn_nul_0309,calibration,null,20260713,false
syn_nul_0310,prt_syn_nul_0310,calibration,null,20260713,false
syn_nul_0311,prt_syn_nul_0311,development,null,20260713,false
syn_nul_0312,prt_syn_nul_0312,test,null,20260713,false
syn_nul_0313,prt_syn_nul_0313,development,null,20260713,false
syn_nul_0314,prt_syn_nul_0314,development,null,20260713,false
syn_nul_0315,prt_syn_nul_0315,development,null,20260713,false
syn_nul_0316,prt_syn_nul_0316,test,null,20260713,false
syn_nul_0317,prt_syn_nul_0317,test,null,20260713,false
syn_nul_0318,prt_syn_nul_0318,development,null,20260713,false
syn_nul_0319,prt_syn_nul_0319,development,null,20260713,false
syn_nul_0320,prt_syn_nul_0320,calibration,null,20260713,false
syn_nul_0321,prt_syn_nul_0321,calibration,null,20260713,false
syn_nul_0322,prt_syn_nul_0322,test,null,20260713,false
syn_nul_0323,prt_syn_nul_0323,development,null,20260713,false
syn_nul_0324,prt_syn_nul_0324,development,null,20260713,false
syn_nul_0325,prt_syn_nul_0325,development,null,20260713,false
syn_nul_0326,prt_syn_nul_0326,development,null,20260713,false
syn_nul_0327,prt_syn_nul_0327,development,null,20260713,false
syn_nul_0328,prt_syn_nul_0328,calibration,null,20260713,false
syn_nul_0329,prt_syn_nul_0329,development,null,20260713,false
syn_nul_0330,prt_syn_nul_0330,development,null,20260713,false
syn_nul_0331,prt_syn_nul_0331,development,null,20260713,false
syn_nul_0332,prt_syn_nul_0332,development,null,20260713,false
syn_nul_0333,prt_syn_nul_0333,development,null,20260713,false
syn_nul_0334,prt_syn_nul_0334,development,null,20260713,false
syn_nul_0335,prt_syn_nul_0335,development,null,20260713,false
syn_nul_0336,prt_syn_nul_0336,development,null,20260713,false
syn_nul_0337,prt_syn_nul_0337,calibration,null,20260713,false
syn_nul_0338,prt_syn_nul_0338,development,null,20260713,false
syn_nul_0339,prt_syn_nul_0339,calibration,null,20260713,false
syn_nul_0340,prt_syn_nul_0340,calibration,null,20260713,false
syn_nul_0341,prt_syn_nul_0341,development,null,20260713,false
syn_nul_0342,prt_syn_nul_0342,calibration,null,20260713,false
syn_nul_0343,prt_syn_nul_0343,calibration,null,20260713,false
syn_nul_0344,prt_syn_nul_0344,calibration,null,20260713,false
syn_nul_0345,prt_syn_nul_0345,development,null,20260713,false
syn_nul_0346,prt_syn_nul_0346,development,null,20260713,false
syn_nul_0347,prt_syn_nul_0347,calibration,null,20260713,false
syn_nul_0348,prt_syn_nul_0348,development,null,20260713,false
syn_nul_0349,prt_syn_nul_0349,test,null,20260713,false
syn_nul_0350,prt_syn_nul_0350,calibration,null,20260713,false
syn_nul_0351,prt_syn_nul_0351,calibration,null,20260713,false
syn_nul_0352,prt_syn_nul_0352,development,null,20260713,false
syn_nul_0353,prt_syn_nul_0353,calibration,null,20260713,false
syn_nul_0354,prt_syn_nul_0354,test,null,20260713,false
syn_nul_0355,prt_syn_nul_0355,development,null,20260713,false
syn_nul_0356,prt_syn_nul_0356,development,null,20260713,false
syn_nul_0357,prt_syn_nul_0357,test,null,20260713,false
syn_nul_0358,prt_syn_nul_0358,calibration,null,20260713,false
syn_nul_0359,prt_syn_nul_0359,calibration,null,20260713,false
syn_nul_0360,prt_syn_nul_0360,test,null,20260713,false
syn_nul_0361,prt_syn_nul_0361,development,null,20260713,false
syn_nul_0362,prt_syn_nul_0362,development,null,20260713,false
syn_nul_0363,prt_syn_nul_0363,test,null,20260713,false
syn_nul_0364,prt_syn_nul_0364,development,null,20260713,false
syn_nul_0365,prt_syn_nul_0365,test,null,20260713,false
syn_nul_0366,prt_syn_nul_0366,development,null,20260713,false
syn_nul_0367,prt_syn_nul_0367,calibration,null,20260713,false
syn_nul_0368,prt_syn_nul_0368,test,null,20260713,false
syn_nul_0369,prt_syn_nul_0369,calibration,null,20260713,false
syn_nul_0370,prt_syn_nul_0370,development,null,20260713,false
syn_nul_0371,prt_syn_nul_0371,development,null,20260713,false
syn_nul_0372,prt_syn_nul_0372,calibration,null,20260713,false
syn_nul_0373,prt_syn_nul_0373,development,null,20260713,false
syn_nul_0374,prt_syn_nul_0374,development,null,20260713,false
syn_nul_0375,prt_syn_nul_0375,test,null,20260713,false
syn_nul_0376,prt_syn_nul_0376,development,null,20260713,false
syn_nul_0377,prt_syn_nul_0377,calibration,null,20260713,false
syn_nul_0378,prt_syn_nul_0378,development,null,20260713,false
syn_nul_0379,prt_syn_nul_0379,development,null,20260713,false
syn_nul_0380,prt_syn_nul_0380,development,null,20260713,false
syn_nul_0381,prt_syn_nul_0381,test,null,20260713,false
syn_nul_0382,prt_syn_nul_0382,development,null,20260713,false
syn_nul_0383,prt_syn_nul_0383,test,null,20260713,false
syn_nul_0384,prt_syn_nul_0384,development,null,20260713,false
syn_nul_0385,prt_syn_nul_0385,calibration,null,20260713,false
syn_nul_0386,prt_syn_nul_0386,development,null,20260713,false
syn_nul_0387,prt_syn_nul_0387,development,null,20260713,false
syn_nul_0388,prt_syn_nul_0388,development,null,20260713,false
syn_nul_0389,prt_syn_nul_0389,development,null,20260713,false
syn_nul_0390,prt_syn_nul_0390,development,null,20260713,false
syn_nul_0391,prt_syn_nul_0391,development,null,20260713,false
syn_nul_0392,prt_syn_nul_0392,development,null,20260713,false
syn_nul_0393,prt_syn_nul_0393,calibration,null,20260713,false
syn_nul_0394,prt_syn_nul_0394,development,null,20260713,false
syn_nul_0395,prt_syn_nul_0395,development,null,20260713,false
syn_nul_0396,prt_syn_nul_0396,development,null,20260713,false
syn_nul_0397,prt_syn_nul_0397,development,null,20260713,false
syn_nul_0398,prt_syn_nul_0398,calibration,null,20260713,false
syn_nul_0399,prt_syn_nul_0399,calibration,null,20260713,false
syn_nul_0400,prt_syn_nul_0400,development,null,20260713,false
syn_nul_0401,prt_syn_nul_0401,test,null,20260713,false
syn_nul_0402,prt_syn_nul_0402,calibration,null,20260713,false
syn_nul_0403,prt_syn_nul_0403,development,null,20260713,false
syn_nul_0404,prt_syn_nul_0404,development,null,20260713,false
syn_nul_0405,prt_syn_nul_0405,calibration,null,20260713,false
syn_nul_0406,prt_syn_nul_0406,development,null,20260713,false
syn_nul_0407,prt_syn_nul_0407,development,null,20260713,false
syn_nul_0408,prt_syn_nul_0408,calibration,null,20260713,false
syn_nul_0409,prt_syn_nul_0409,calibration,null,20260713,false
syn_nul_0410,prt_syn_nul_0410,development,null,20260713,false
syn_nul_0411,prt_syn_nul_0411,calibration,null,20260713,false
syn_nul_0412,prt_syn_nul_0412,development,null,20260713,false
syn_nul_0413,prt_syn_nul_0413,development,null,20260713,false
syn_nul_0414,prt_syn_nul_0414,development,null,20260713,false
syn_nul_0415,prt_syn_nul_0415,development,null,20260713,false
syn_nul_0416,prt_syn_nul_0416,test,null,20260713,false
syn_nul_0417,prt_syn_nul_0417,test,null,20260713,false
syn_nul_0418,prt_syn_nul_0418,test,null,20260713,false
syn_nul_0419,prt_syn_nul_0419,development,null,20260713,false
syn_nul_0420,prt_syn_nul_0420,calibration,null,20260713,false
syn_nul_0421,prt_syn_nul_0421,test,null,20260713,false
syn_nul_0422,prt_syn_nul_0422,calibration,null,20260713,false
syn_nul_0423,prt_syn_nul_0423,calibration,null,20260713,false
syn_nul_0424,prt_syn_nul_0424,development,null,20260713,false
syn_nul_0425,prt_syn_nul_0425,development,null,20260713,false
syn_nul_0426,prt_syn_nul_0426,development,null,20260713,false
syn_nul_0427,prt_syn_nul_0427,development,null,20260713,false
syn_nul_0428,prt_syn_nul_0428,calibration,null,20260713,false
syn_nul_0429,prt_syn_nul_0429,test,null,20260713,false
syn_nul_0430,prt_syn_nul_0430,development,null,20260713,false
syn_nul_0431,prt_syn_nul_0431,development,null,20260713,false
syn_nul_0432,prt_syn_nul_0432,development,null,20260713,false
syn_nul_0433,prt_syn_nul_0433,calibration,null,20260713,false
syn_nul_0434,prt_syn_nul_0434,development,null,20260713,false
syn_nul_0435,prt_syn_nul_0435,development,null,20260713,false
syn_nul_0436,prt_syn_nul_0436,calibration,null,20260713,false
syn_nul_0437,prt_syn_nul_0437,test,null,20260713,false
syn_nul_0438,prt_syn_nul_0438,test,null,20260713,false
syn_nul_0439,prt_syn_nul_0439,development,null,20260713,false
syn_nul_0440,prt_syn_nul_0440,development,null,20260713,false
syn_nul_0441,prt_syn_nul_0441,calibration,null,20260713,false
syn_nul_0442,prt_syn_nul_0442,development,null,20260713,false
syn_nul_0443,prt_syn_nul_0443,development,null,20260713,false
syn_nul_0444,prt_syn_nul_0444,development,null,20260713,false
syn_nul_0445,prt_syn_nul_0445,test,null,20260713,false
syn_nul_0446,prt_syn_nul_0446,development,null,20260713,false
syn_nul_0447,prt_syn_nul_0447,test,null,20260713,false
syn_nul_0448,prt_syn_nul_0448,development,null,20260713,false
syn_nul_0449,prt_syn_nul_0449,calibration,null,20260713,false
syn_nul_0450,prt_syn_nul_0450,development,null,20260713,false
syn_nul_0451,prt_syn_nul_0451,calibration,null,20260713,false
syn_nul_0452,prt_syn_nul_0452,development,null,20260713,false
syn_nul_0453,prt_syn_nul_0453,development,null,20260713,false
syn_nul_0454,prt_syn_nul_0454,development,null,20260713,false
syn_nul_0455,prt_syn_nul_0455,development,null,20260713,false
syn_nul_0456,prt_syn_nul_0456,calibration,null,20260713,false
syn_nul_0457,prt_syn_nul_0457,development,null,20260713,false
syn_nul_0458,prt_syn_nul_0458,development,null,20260713,false
syn_nul_0459,prt_syn_nul_0459,test,null,20260713,false
syn_nul_0460,prt_syn_nul_0460,development,null,20260713,false
syn_nul_0461,prt_syn_nul_0461,development,null,20260713,false
syn_nul_0462,prt_syn_nul_0462,development,null,20260713,false
syn_nul_0463,prt_syn_nul_0463,calibration,null,20260713,false
syn_nul_0464,prt_syn_nul_0464,test,null,20260713,false
syn_nul_0465,prt_syn_nul_0465,calibration,null,20260713,false
syn_nul_0466,prt_syn_nul_0466,development,null,20260713,false
syn_nul_0467,prt_syn_nul_0467,development,null,20260713,false
syn_nul_0468,prt_syn_nul_0468,test,null,20260713,false
syn_nul_0469,prt_syn_nul_0469,development,null,20260713,false
syn_nul_0470,prt_syn_nul_0470,development,null,20260713,false
syn_nul_0471,prt_syn_nul_0471,development,null,20260713,false
syn_nul_0472,prt_syn_nul_0472,calibration,null,20260713,false
syn_nul_0473,prt_syn_nul_0473,calibration,null,20260713,false
syn_nul_0474,prt_syn_nul_0474,test,null,20260713,false
syn_nul_0475,prt_syn_nul_0475,development,null,20260713,false
syn_nul_0476,prt_syn_nul_0476,test,null,20260713,false
syn_nul_0477,prt_syn_nul_0477,development,null,20260713,false
syn_nul_0478,prt_syn_nul_0478,development,null,20260713,false
syn_nul_0479,prt_syn_nul_0479,development,null,20260713,false
syn_nul_0480,prt_syn_nul_0480,development,null,20260713,false
syn_nul_0481,prt_syn_nul_0481,development,null,20260713,false
syn_nul_0482,prt_syn_nul_0482,development,null,20260713,false
syn_nul_0483,prt_syn_nul_0483,development,null,20260713,false
syn_nul_0484,prt_syn_nul_0484,calibration,null,20260713,false
syn_nul_0485,prt_syn_nul_0485,development,null,20260713,false
syn_nul_0486,prt_syn_nul_0486,development,null,20260713,false
syn_nul_0487,prt_syn_nul_0487,calibration,null,20260713,false
syn_nul_0488,prt_syn_nul_0488,calibration,null,20260713,false
syn_nul_0489,prt_syn_nul_0489,development,null,20260713,false
syn_nul_0490,prt_syn_nul_0490,test,null,20260713,false
syn_nul_0491,prt_syn_nul_0491,development,null,20260713,false
syn_nul_0492,prt_syn_nul_0492,development,null,20260713,false
syn_nul_0493,prt_syn_nul_0493,test,null,20260713,false
syn_nul_0494,prt_syn_nul_0494,calibration,null,20260713,false
syn_nul_0495,prt_syn_nul_0495,calibration,null,20260713,false
syn_nul_0496,prt_syn_nul_0496,development,null,20260713,false
syn_nul_0497,prt_syn_nul_0497,development,null,20260713,false
syn_nul_0498,prt_syn_nul_0498,test,null,20260713,false
syn_nul_0499,prt_syn_nul_0499,calibration,null,20260713,false
syn_nul_0500,prt_syn_nul_0500,test,null,20260713,false
syn_nul_0501,prt_syn_nul_0501,development,null,20260713,false
syn_nul_0502,prt_syn_nul_0502,test,null,20260713,false
syn_nul_0503,prt_syn_nul_0503,development,null,20260713,false
syn_nul_0504,prt_syn_nul_0504,development,null,20260713,false
syn_nul_0505,prt_syn_nul_0505,development,null,20260713,false
syn_nul_0506,prt_syn_nul_0506,development,null,20260713,false
syn_nul_0507,prt_syn_nul_0507,calibration,null,20260713,false
syn_nul_0508,prt_syn_nul_0508,test,null,20260713,false
syn_nul_0509,prt_syn_nul_0509,development,null,20260713,false
syn_nul_0510,prt_syn_nul_0510,test,null,20260713,false
syn_nul_0511,prt_syn_nul_0511,development,null,20260713,false
syn_nul_0512,prt_syn_nul_0512,development,null,20260713,false
syn_nul_0513,prt_syn_nul_0513,test,null,20260713,false
syn_nul_0514,prt_syn_nul_0514,development,null,20260713,false
syn_nul_0515,prt_syn_nul_0515,development,null,20260713,false
syn_nul_0516,prt_syn_nul_0516,test,null,20260713,false
syn_nul_0517,prt_syn_nul_0517,development,null,20260713,false
syn_nul_0518,prt_syn_nul_0518,test,null,20260713,false
syn_nul_0519,prt_syn_nul_0519,development,null,20260713,false
syn_nul_0520,prt_syn_nul_0520,development,null,20260713,false
syn_nul_0521,prt_syn_nul_0521,development,null,20260713,false
syn_nul_0522,prt_syn_nul_0522,development,null,20260713,false
syn_nul_0523,prt_syn_nul_0523,development,null,20260713,false
syn_nul_0524,prt_syn_nul_0524,development,null,20260713,false
syn_nul_0525,prt_syn_nul_0525,development,null,20260713,false
syn_nul_0526,prt_syn_nul_0526,development,null,20260713,false
syn_nul_0527,prt_syn_nul_0527,calibration,null,20260713,false
syn_nul_0528,prt_syn_nul_0528,calibration,null,20260713,false
syn_nul_0529,prt_syn_nul_0529,development,null,20260713,false
syn_nul_0530,prt_syn_nul_0530,development,null,20260713,false
syn_nul_0531,prt_syn_nul_0531,test,null,20260713,false
syn_nul_0532,prt_syn_nul_0532,development,null,20260713,false
syn_nul_0533,prt_syn_nul_0533,calibration,null,20260713,false
syn_nul_0534,prt_syn_nul_0534,development,null,20260713,false
syn_nul_0535,prt_syn_nul_0535,calibration,null,20260713,false
syn_nul_0536,prt_syn_nul_0536,development,null,20260713,false
syn_nul_0537,prt_syn_nul_0537,development,null,20260713,false
syn_nul_0538,prt_syn_nul_0538,development,null,20260713,false
syn_nul_0539,prt_syn_nul_0539,development,null,20260713,false
syn_nul_0540,prt_syn_nul_0540,test,null,20260713,false
syn_nul_0541,prt_syn_nul_0541,development,null,20260713,false
syn_nul_0542,prt_syn_nul_0542,development,null,20260713,false
syn_nul_0543,prt_syn_nul_0543,development,null,20260713,false
syn_nul_0544,prt_syn_nul_0544,test,null,20260713,false
syn_nul_0545,prt_syn_nul_0545,development,null,20260713,false
syn_nul_0546,prt_syn_nul_0546,development,null,20260713,false
syn_nul_0547,prt_syn_nul_0547,development,null,20260713,false
syn_nul_0548,prt_syn_nul_0548,test,null,20260713,false
syn_nul_0549,prt_syn_nul_0549,development,null,20260713,false
syn_nul_0550,prt_syn_nul_0550,development,null,20260713,false
syn_nul_0551,prt_syn_nul_0551,calibration,null,20260713,false
syn_nul_0552,prt_syn_nul_0552,development,null,20260713,false
syn_nul_0553,prt_syn_nul_0553,development,null,20260713,false
syn_nul_0554,prt_syn_nul_0554,development,null,20260713,false
syn_nul_0555,prt_syn_nul_0555,development,null,20260713,false
syn_nul_0556,prt_syn_nul_0556,calibration,null,20260713,false
syn_nul_0557,prt_syn_nul_0557,development,null,20260713,false
syn_nul_0558,prt_syn_nul_0558,development,null,20260713,false
syn_nul_0559,prt_syn_nul_0559,development,null,20260713,false
syn_nul_0560,prt_syn_nul_0560,development,null,20260713,false
syn_nul_0561,prt_syn_nul_0561,development,null,20260713,false
syn_nul_0562,prt_syn_nul_0562,calibration,null,20260713,false
syn_nul_0563,prt_syn_nul_0563,development,null,20260713,false
syn_nul_0564,prt_syn_nul_0564,development,null,20260713,false
syn_nul_0565,prt_syn_nul_0565,development,null,20260713,false
syn_nul_0566,prt_syn_nul_0566,development,null,20260713,false
syn_nul_0567,prt_syn_nul_0567,development,null,20260713,false
syn_nul_0568,prt_syn_nul_0568,test,null,20260713,false
syn_nul_0569,prt_syn_nul_0569,calibration,null,20260713,false
syn_nul_0570,prt_syn_nul_0570,development,null,20260713,false
syn_nul_0571,prt_syn_nul_0571,development,null,20260713,false
syn_nul_0572,prt_syn_nul_0572,test,null,20260713,false
syn_nul_0573,prt_syn_nul_0573,development,null,20260713,false
syn_nul_0574,prt_syn_nul_0574,calibration,null,20260713,false
syn_nul_0575,prt_syn_nul_0575,development,null,20260713,false
syn_nul_0576,prt_syn_nul_0576,development,null,20260713,false
syn_nul_0577,prt_syn_nul_0577,calibration,null,20260713,false
syn_nul_0578,prt_syn_nul_0578,calibration,null,20260713,false
syn_nul_0579,prt_syn_nul_0579,development,null,20260713,false
syn_nul_0580,prt_syn_nul_0580,development,null,20260713,false
syn_nul_0581,prt_syn_nul_0581,development,null,20260713,false
syn_nul_0582,prt_syn_nul_0582,development,null,20260713,false
syn_nul_0583,prt_syn_nul_0583,development,null,20260713,false
syn_nul_0584,prt_syn_nul_0584,development,null,20260713,false
syn_nul_0585,prt_syn_nul_0585,test,null,20260713,false
syn_nul_0586,prt_syn_nul_0586,development,null,20260713,false
syn_nul_0587,prt_syn_nul_0587,calibration,null,20260713,false
syn_nul_0588,prt_syn_nul_0588,calibration,null,20260713,false
syn_nul_0589,prt_syn_nul_0589,development,null,20260713,false
syn_nul_0590,prt_syn_nul_0590,development,null,20260713,false
syn_nul_0591,prt_syn_nul_0591,development,null,20260713,false
syn_nul_0592,prt_syn_nul_0592,development,null,20260713,false
syn_nul_0593,prt_syn_nul_0593,development,null,20260713,false
syn_nul_0594,prt_syn_nul_0594,test,null,20260713,false
syn_nul_0595,prt_syn_nul_0595,development,null,20260713,false
syn_nul_0596,prt_syn_nul_0596,calibration,null,20260713,false
syn_nul_0597,prt_syn_nul_0597,development,null,20260713,false
syn_nul_0598,prt_syn_nul_0598,test,null,20260713,false
syn_nul_0599,prt_syn_nul_0599,development,null,20260713,false
